nombre,apellido,email,monto1,monto2,dni,direccion,ciudad,provincia
matias,vega,matiasvega@gmail.com,500,700,31220356,Juan B justo 2514,Puerto Madryn,Chubut
matias,vega,matiasvega@gmail.com,500,700,31220356,Juan B justo 2514,Puerto Madryn,Chubut
matias,vega,matiasvega@gmail.com,500,700,31220356,Juan B justo 2514,Puerto Madryn,Chubut
matias,vega,matiasvega@gmail.com,500,700,31220356,Juan B justo 2514,Puerto Madryn,Chubut
matias,vega,matiasvega@gmail.com,500,700,31220356,Juan B justo 2514,Puerto Madryn,Chubut
matias,vega,matiasvega@gmail.com,500,700,31220356,Juan B justo 2514,Puerto Madryn,Chubut
matias,vega,matiasvega@gmail.com,500,700,31220356,Juan B justo 2514,Puerto Madryn,Chubut
matias,vega,matiasvega@gmail.com,500,700,31220356,Juan B justo 2514,Puerto Madryn,Chubut
matias,vega,matiasvega@gmail.com,500,700,31220356,Juan B justo 2514,Puerto Madryn,Chubut
